"CHROM","window","start","end","length","A","C","G","T","N","other","genic","variants"
"Supercontig_1.10",1,1,10000,10000,2535,2489,2550,2426,0,0,0,0
"Supercontig_1.10",2,10001,20000,10000,2470,2531,2454,2545,0,0,0,2
"Supercontig_1.10",3,20001,30000,10000,2544,2467,2582,2407,0,0,0,0
"Supercontig_1.10",4,30001,40000,10000,2483,2484,2493,2540,0,0,6172,0
"Supercontig_1.10",5,40001,50000,10000,2552,2472,2410,2566,0,0,1323,0
"Supercontig_1.10",6,50001,60000,10000,2527,2509,2453,2511,0,0,0,0
"Supercontig_1.10",7,60001,70000,10000,2433,2529,2479,2559,0,0,4118,0
"Supercontig_1.10",8,70001,80000,10000,2417,2596,2489,2498,0,0,1668,0
"Supercontig_1.10",9,80001,90000,10000,2424,2425,2502,2649,0,0,0,0
"Supercontig_1.10",10,90001,1e+05,10000,2503,2562,2462,2473,0,0,0,0
"Supercontig_1.10",11,100001,110000,10000,2440,2580,2489,2491,0,0,0,0
"Supercontig_1.10",12,110001,120000,10000,2495,2548,2477,2480,0,0,0,0
"Supercontig_1.10",13,120001,130000,10000,2496,2573,2467,2464,0,0,0,0
"Supercontig_1.10",14,130001,140000,10000,2495,2526,2553,2426,0,0,0,0
"Supercontig_1.10",15,140001,150000,10000,2525,2460,2503,2512,0,0,0,0
"Supercontig_1.10",16,150001,160000,10000,2498,2501,2511,2490,0,0,0,0
"Supercontig_1.10",17,160001,170000,10000,2521,2513,2486,2480,0,0,0,0
"Supercontig_1.10",18,170001,180000,10000,2534,2481,2521,2464,0,0,0,0
"Supercontig_1.10",19,180001,190000,10000,2519,2524,2448,2509,0,0,0,0
"Supercontig_1.10",20,190001,2e+05,10000,2519,2528,2516,2437,0,0,0,0
"Supercontig_1.10",21,200001,210000,10000,2528,2472,2481,2519,0,0,0,0
"Supercontig_1.10",22,210001,220000,10000,2436,2471,2517,2576,0,0,0,0
"Supercontig_1.10",23,220001,230000,10000,2498,2449,2541,2512,0,0,0,0
"Supercontig_1.10",24,230001,240000,10000,2549,2557,2497,2397,0,0,0,0
"Supercontig_1.10",25,240001,250000,10000,2534,2528,2433,2505,0,0,0,0
"Supercontig_1.10",26,250001,260000,10000,2473,2522,2559,2446,0,0,0,0
"Supercontig_1.10",27,260001,270000,10000,2494,2473,2521,2512,0,0,0,0
"Supercontig_1.10",28,270001,280000,10000,2535,2521,2486,2458,0,0,0,0
"Supercontig_1.10",29,280001,290000,10000,2516,2578,2375,2531,0,0,0,0
"Supercontig_1.10",30,290001,3e+05,10000,2504,2526,2494,2476,0,0,0,0
"Supercontig_1.10",31,300001,310000,10000,2485,2391,2601,2523,0,0,0,0
"Supercontig_1.10",32,310001,320000,10000,2537,2499,2525,2439,0,0,0,0
"Supercontig_1.10",33,320001,330000,10000,2451,2584,2449,2516,0,0,0,0
"Supercontig_1.10",34,330001,340000,10000,2484,2508,2473,2535,0,0,0,0
"Supercontig_1.10",35,340001,350000,10000,2529,2429,2497,2545,0,0,0,0
"Supercontig_1.10",36,350001,360000,10000,2487,2427,2525,2561,0,0,0,0
"Supercontig_1.10",37,360001,370000,10000,2545,2452,2475,2528,0,0,0,0
"Supercontig_1.10",38,370001,380000,10000,2493,2561,2472,2474,0,0,0,0
"Supercontig_1.10",39,380001,390000,10000,2448,2533,2506,2513,0,0,0,0
"Supercontig_1.10",40,390001,4e+05,10000,2510,2463,2521,2506,0,0,0,0
"Supercontig_1.10",41,400001,410000,10000,2482,2494,2504,2520,0,0,0,0
"Supercontig_1.10",42,410001,420000,10000,2474,2527,2475,2524,0,0,0,0
"Supercontig_1.10",43,420001,430000,10000,2470,2472,2552,2506,0,0,0,0
"Supercontig_1.10",44,430001,440000,10000,2516,2524,2468,2492,0,0,0,0
"Supercontig_1.10",45,440001,450000,10000,2499,2502,2497,2502,0,0,0,0
"Supercontig_1.10",46,450001,460000,10000,2483,2449,2545,2523,0,0,0,0
"Supercontig_1.10",47,460001,470000,10000,2482,2529,2422,2567,0,0,0,0
"Supercontig_1.10",48,470001,480000,10000,2464,2570,2510,2456,0,0,0,0
"Supercontig_1.10",49,480001,490000,10000,2482,2503,2541,2474,0,0,0,0
"Supercontig_1.10",50,490001,5e+05,10000,2569,2507,2507,2417,0,0,0,0
"Supercontig_1.10",51,500001,510000,10000,2563,2471,2489,2477,0,0,0,0
"Supercontig_1.10",52,510001,520000,10000,2466,2474,2513,2547,0,0,0,0
"Supercontig_1.10",53,520001,530000,10000,2530,2442,2563,2465,0,0,0,0
"Supercontig_1.10",54,530001,540000,10000,2467,2454,2634,2445,0,0,0,0
"Supercontig_1.10",55,540001,550000,10000,2515,2431,2469,2585,0,0,0,0
"Supercontig_1.10",56,550001,560000,10000,2468,2492,2577,2463,0,0,0,0
"Supercontig_1.10",57,560001,570000,10000,2506,2416,2512,2566,0,0,0,0
"Supercontig_1.10",58,570001,580000,10000,2489,2543,2531,2437,0,0,0,0
"Supercontig_1.10",59,580001,590000,10000,2462,2488,2512,2538,0,0,0,0
"Supercontig_1.10",60,590001,6e+05,10000,2434,2556,2492,2518,0,0,0,0
"Supercontig_1.10",61,600001,610000,10000,2441,2476,2505,2578,0,0,0,0
"Supercontig_1.10",62,610001,620000,10000,2568,2442,2466,2524,0,0,0,0
"Supercontig_1.10",63,620001,630000,10000,2457,2467,2639,2437,0,0,0,0
"Supercontig_1.10",64,630001,640000,10000,2506,2479,2530,2485,0,0,0,0
"Supercontig_1.10",65,640001,650000,10000,2532,2509,2485,2474,0,0,0,0
"Supercontig_1.10",66,650001,660000,10000,2449,2531,2465,2555,0,0,0,0
"Supercontig_1.10",67,660001,670000,10000,2459,2495,2555,2491,0,0,0,0
"Supercontig_1.10",68,670001,680000,10000,2525,2509,2520,2446,0,0,0,0
"Supercontig_1.10",69,680001,690000,10000,2483,2517,2531,2469,0,0,0,0
"Supercontig_1.10",70,690001,7e+05,10000,2515,2504,2510,2471,0,0,0,0
"Supercontig_1.10",71,700001,710000,10000,2475,2491,2472,2562,0,0,0,0
"Supercontig_1.10",72,710001,720000,10000,2481,2455,2529,2535,0,0,0,0
"Supercontig_1.10",73,720001,730000,10000,2403,2515,2538,2544,0,0,0,0
"Supercontig_1.10",74,730001,740000,10000,2491,2549,2462,2498,0,0,0,0
"Supercontig_1.10",75,740001,750000,10000,2455,2494,2538,2513,0,0,0,0
"Supercontig_1.10",76,750001,760000,10000,2458,2425,2577,2540,0,0,0,0
"Supercontig_1.10",77,760001,770000,10000,2522,2446,2498,2534,0,0,0,0
"Supercontig_1.10",78,770001,780000,10000,2513,2516,2505,2466,0,0,0,0
"Supercontig_1.10",79,780001,790000,10000,2522,2600,2432,2446,0,0,0,0
"Supercontig_1.10",80,790001,8e+05,10000,2565,2419,2536,2480,0,0,0,0
"Supercontig_1.10",81,800001,810000,10000,2490,2517,2583,2410,0,0,0,0
"Supercontig_1.10",82,810001,820000,10000,2505,2489,2501,2505,0,0,0,0
"Supercontig_1.10",83,820001,830000,10000,2548,2407,2540,2505,0,0,0,0
"Supercontig_1.10",84,830001,840000,10000,2523,2519,2429,2529,0,0,0,0
"Supercontig_1.10",85,840001,850000,10000,2479,2529,2537,2455,0,0,0,0
"Supercontig_1.10",86,850001,860000,10000,2484,2463,2579,2474,0,0,0,0
"Supercontig_1.10",87,860001,870000,10000,2543,2512,2529,2416,0,0,0,0
"Supercontig_1.10",88,870001,880000,10000,2514,2531,2477,2478,0,0,0,0
"Supercontig_1.10",89,880001,890000,10000,2551,2494,2451,2504,0,0,0,0
"Supercontig_1.10",90,890001,9e+05,10000,2518,2521,2509,2452,0,0,0,0
"Supercontig_1.10",91,900001,910000,10000,2583,2476,2498,2443,0,0,0,0
"Supercontig_1.10",92,910001,920000,10000,2462,2576,2466,2496,0,0,0,0
"Supercontig_1.10",93,920001,930000,10000,2456,2502,2553,2489,0,0,0,0
"Supercontig_1.10",94,930001,940000,10000,2486,2498,2510,2506,0,0,0,0
"Supercontig_1.10",95,940001,950000,10000,2491,2493,2533,2483,0,0,0,0
"Supercontig_1.10",96,950001,960000,10000,2424,2559,2476,2541,0,0,0,0
"Supercontig_1.10",97,960001,970000,10000,2489,2454,2492,2565,0,0,0,0
"Supercontig_1.10",98,970001,980000,10000,2522,2493,2478,2507,0,0,0,0
"Supercontig_1.10",99,980001,990000,10000,2488,2555,2496,2461,0,0,0,0
"Supercontig_1.10",100,990001,1e+06,10000,2488,2517,2525,2470,0,0,0,0
"Supercontig_1.10",101,1000001,1010000,10000,2435,2489,2568,2508,0,0,0,0
"Supercontig_1.10",102,1010001,1020000,10000,2504,2524,2484,2488,0,0,0,0
"Supercontig_1.10",103,1020001,1030000,10000,2477,2534,2519,2470,0,0,0,0
"Supercontig_1.10",104,1030001,1040000,10000,2556,2441,2542,2461,0,0,0,0
"Supercontig_1.10",105,1040001,1050000,10000,2474,2504,2535,2487,0,0,0,0
"Supercontig_1.10",106,1050001,1060000,10000,2493,2536,2481,2490,0,0,0,0
"Supercontig_1.10",107,1060001,1070000,10000,2499,2517,2574,2410,0,0,0,0
"Supercontig_1.10",108,1070001,1080000,10000,2582,2483,2457,2478,0,0,0,0
"Supercontig_1.10",109,1080001,1090000,10000,2518,2490,2468,2524,0,0,0,0
"Supercontig_1.10",110,1090001,1100000,10000,2505,2547,2483,2465,0,0,0,0
"Supercontig_1.10",111,1100001,1110000,10000,2454,2562,2518,2466,0,0,0,0
"Supercontig_1.10",112,1110001,1120000,10000,2498,2455,2523,2524,0,0,0,1
"Supercontig_1.10",113,1120001,1130000,10000,2439,2539,2527,2495,0,0,0,0
"Supercontig_1.10",114,1130001,1140000,10000,2523,2510,2474,2493,0,0,0,0
"Supercontig_1.10",115,1140001,1150000,10000,2557,2502,2431,2510,0,0,0,0
"Supercontig_1.10",116,1150001,1160000,10000,2483,2499,2415,2603,0,0,0,0
"Supercontig_1.10",117,1160001,1170000,10000,2552,2507,2474,2467,0,0,0,0
"Supercontig_1.10",118,1170001,1180000,10000,2485,2494,2546,2475,0,0,0,0
"Supercontig_1.10",119,1180001,1190000,10000,2517,2489,2508,2486,0,0,0,0
"Supercontig_1.10",120,1190001,1200000,10000,2464,2537,2483,2516,0,0,0,0
"Supercontig_1.10",121,1200001,1210000,10000,2452,2466,2487,2595,0,0,0,0
"Supercontig_1.10",122,1210001,1220000,10000,2595,2452,2473,2480,0,0,0,0
"Supercontig_1.10",123,1220001,1230000,10000,2441,2503,2580,2476,0,0,0,0
"Supercontig_1.10",124,1230001,1240000,10000,1125,1169,1155,1118,0,0,0,2
"Supercontig_1.50",1,1,10000,10000,1992,2450,2803,2755,0,0,0,115
"Supercontig_1.50",2,10001,20000,10000,1878,2294,2687,2547,594,0,0,296
"Supercontig_1.50",3,20001,30000,10000,2506,2466,2217,2328,483,0,6421,359
"Supercontig_1.50",4,30001,40000,10000,2430,2665,2472,2433,0,0,7691,380
"Supercontig_1.50",5,40001,50000,10000,2297,2109,2510,2764,320,0,1323,62
"Supercontig_1.50",6,50001,60000,10000,2017,2767,2677,2188,351,0,0,12
"Supercontig_1.50",7,60001,70000,10000,2628,2571,2460,2341,0,0,4118,378
"Supercontig_1.50",8,70001,80000,10000,2493,2448,2200,2859,0,0,2461,178
"Supercontig_1.50",9,80001,90000,10000,2532,2479,2410,2579,0,0,970,353
"Supercontig_1.50",10,90001,1e+05,10000,2769,2199,2383,2649,0,0,0,400
"Supercontig_1.50",11,100001,110000,10000,0,0,1,0,0,0,0,0
"Supercontig_1.5",1,1,10000,10000,2475,2582,2508,2435,0,0,0,0
"Supercontig_1.5",2,10001,20000,10000,2564,2534,2404,2498,0,0,0,2
"Supercontig_1.5",3,20001,30000,10000,2479,2546,2411,2564,0,0,6421,0
"Supercontig_1.5",4,30001,40000,10000,2558,2554,2522,2366,0,0,4568,0
"Supercontig_1.5",5,40001,50000,10000,2525,2478,2493,2504,0,0,0,0
"Supercontig_1.5",6,50001,60000,10000,2467,2527,2461,2545,0,0,0,0
"Supercontig_1.5",7,60001,70000,10000,2475,2571,2457,2497,0,0,0,0
"Supercontig_1.5",8,70001,80000,10000,2527,2491,2494,2488,0,0,0,0
"Supercontig_1.5",9,80001,90000,10000,2432,2485,2597,2486,0,0,0,0
"Supercontig_1.5",10,90001,1e+05,10000,2488,2501,2470,2541,0,0,0,0
"Supercontig_1.5",11,100001,110000,10000,2522,2488,2505,2485,0,0,0,0
"Supercontig_1.5",12,110001,120000,10000,2502,2483,2450,2565,0,0,0,0
"Supercontig_1.5",13,120001,130000,10000,2490,2528,2518,2464,0,0,0,0
"Supercontig_1.5",14,130001,140000,10000,2424,2512,2535,2529,0,0,0,0
"Supercontig_1.5",15,140001,150000,10000,2526,2437,2531,2506,0,0,0,0
"Supercontig_1.5",16,150001,160000,10000,2479,2537,2483,2501,0,0,0,0
"Supercontig_1.5",17,160001,170000,10000,2505,2483,2449,2563,0,0,0,0
"Supercontig_1.5",18,170001,180000,10000,2487,2524,2524,2465,0,0,0,0
"Supercontig_1.5",19,180001,190000,10000,2495,2529,2514,2462,0,0,0,0
"Supercontig_1.5",20,190001,2e+05,10000,2561,2486,2546,2407,0,0,0,0
"Supercontig_1.5",21,200001,210000,10000,2518,2447,2512,2523,0,0,0,0
"Supercontig_1.5",22,210001,220000,10000,2431,2508,2508,2553,0,0,0,0
"Supercontig_1.5",23,220001,230000,10000,2464,2511,2536,2489,0,0,0,0
"Supercontig_1.5",24,230001,240000,10000,2450,2488,2493,2569,0,0,0,0
"Supercontig_1.5",25,240001,250000,10000,2465,2480,2498,2557,0,0,0,0
"Supercontig_1.5",26,250001,260000,10000,2570,2479,2425,2526,0,0,0,0
"Supercontig_1.5",27,260001,270000,10000,2533,2540,2438,2489,0,0,0,0
"Supercontig_1.5",28,270001,280000,10000,2536,2539,2386,2539,0,0,0,0
"Supercontig_1.5",29,280001,290000,10000,2532,2518,2477,2473,0,0,0,0
"Supercontig_1.5",30,290001,3e+05,10000,2561,2504,2431,2504,0,0,0,0
"Supercontig_1.5",31,300001,310000,10000,2483,2479,2499,2539,0,0,0,0
"Supercontig_1.5",32,310001,320000,10000,2503,2475,2465,2557,0,0,0,0
"Supercontig_1.5",33,320001,330000,10000,2485,2529,2486,2500,0,0,0,0
"Supercontig_1.5",34,330001,340000,10000,2473,2461,2601,2465,0,0,0,0
"Supercontig_1.5",35,340001,350000,10000,2536,2418,2525,2521,0,0,0,0
"Supercontig_1.5",36,350001,360000,10000,2491,2514,2578,2417,0,0,0,0
"Supercontig_1.5",37,360001,370000,10000,2529,2445,2549,2477,0,0,0,0
"Supercontig_1.5",38,370001,380000,10000,2499,2428,2541,2532,0,0,0,0
"Supercontig_1.5",39,380001,390000,10000,2444,2651,2430,2475,0,0,0,0
"Supercontig_1.5",40,390001,4e+05,10000,2502,2462,2521,2515,0,0,0,0
"Supercontig_1.5",41,400001,410000,10000,2470,2479,2584,2467,0,0,0,0
"Supercontig_1.5",42,410001,420000,10000,2542,2473,2494,2491,0,0,0,0
"Supercontig_1.5",43,420001,430000,10000,2441,2536,2494,2529,0,0,0,0
"Supercontig_1.5",44,430001,440000,10000,2493,2516,2525,2466,0,0,0,0
"Supercontig_1.5",45,440001,450000,10000,2484,2490,2515,2511,0,0,0,0
"Supercontig_1.5",46,450001,460000,10000,2515,2540,2464,2481,0,0,0,0
"Supercontig_1.5",47,460001,470000,10000,2449,2510,2541,2500,0,0,0,0
"Supercontig_1.5",48,470001,480000,10000,2567,2421,2490,2522,0,0,0,0
"Supercontig_1.5",49,480001,490000,10000,2528,2482,2531,2459,0,0,0,0
"Supercontig_1.5",50,490001,5e+05,10000,2491,2573,2496,2440,0,0,0,0
"Supercontig_1.5",51,500001,510000,10000,2501,2510,2512,2477,0,0,0,0
"Supercontig_1.5",52,510001,520000,10000,2523,2568,2499,2410,0,0,0,0
"Supercontig_1.5",53,520001,530000,10000,2492,2483,2551,2474,0,0,0,0
"Supercontig_1.5",54,530001,540000,10000,2478,2549,2463,2510,0,0,0,0
"Supercontig_1.5",55,540001,550000,10000,2544,2537,2511,2408,0,0,0,0
"Supercontig_1.5",56,550001,560000,10000,2524,2459,2502,2515,0,0,0,0
"Supercontig_1.5",57,560001,570000,10000,2538,2470,2512,2480,0,0,0,0
"Supercontig_1.5",58,570001,580000,10000,2506,2520,2483,2491,0,0,0,0
"Supercontig_1.5",59,580001,590000,10000,2510,2458,2559,2473,0,0,0,0
"Supercontig_1.5",60,590001,6e+05,10000,2548,2478,2459,2515,0,0,0,0
"Supercontig_1.5",61,600001,610000,10000,2522,2498,2509,2471,0,0,0,0
"Supercontig_1.5",62,610001,620000,10000,2575,2434,2517,2474,0,0,0,0
"Supercontig_1.5",63,620001,630000,10000,2483,2517,2514,2486,0,0,0,0
"Supercontig_1.5",64,630001,640000,10000,2521,2487,2457,2535,0,0,0,0
"Supercontig_1.5",65,640001,650000,10000,2516,2491,2503,2490,0,0,0,0
"Supercontig_1.5",66,650001,660000,10000,2521,2517,2437,2525,0,0,0,0
"Supercontig_1.5",67,660001,670000,10000,2556,2492,2440,2512,0,0,0,0
"Supercontig_1.5",68,670001,680000,10000,2491,2538,2516,2455,0,0,0,0
"Supercontig_1.5",69,680001,690000,10000,2477,2471,2527,2525,0,0,0,0
"Supercontig_1.5",70,690001,7e+05,10000,2503,2512,2552,2433,0,0,0,0
"Supercontig_1.5",71,700001,710000,10000,2492,2505,2472,2531,0,0,0,0
"Supercontig_1.5",72,710001,720000,10000,2550,2463,2468,2519,0,0,0,0
"Supercontig_1.5",73,720001,730000,10000,2471,2468,2535,2526,0,0,0,0
"Supercontig_1.5",74,730001,740000,10000,2537,2523,2448,2492,0,0,0,0
"Supercontig_1.5",75,740001,750000,10000,2428,2495,2509,2568,0,0,0,0
"Supercontig_1.5",76,750001,760000,10000,2499,2499,2546,2456,0,0,0,0
"Supercontig_1.5",77,760001,770000,10000,2514,2498,2501,2487,0,0,0,0
"Supercontig_1.5",78,770001,780000,10000,2563,2498,2479,2460,0,0,0,0
"Supercontig_1.5",79,780001,790000,10000,2549,2417,2500,2534,0,0,0,0
"Supercontig_1.5",80,790001,8e+05,10000,2495,2519,2454,2532,0,0,0,0
"Supercontig_1.5",81,800001,810000,10000,2544,2440,2451,2565,0,0,0,0
"Supercontig_1.5",82,810001,820000,10000,2478,2484,2537,2501,0,0,0,0
"Supercontig_1.5",83,820001,830000,10000,2577,2506,2504,2413,0,0,0,0
"Supercontig_1.5",84,830001,840000,10000,2464,2577,2432,2527,0,0,0,0
"Supercontig_1.5",85,840001,850000,10000,2555,2501,2569,2375,0,0,0,0
"Supercontig_1.5",86,850001,860000,10000,2468,2539,2533,2460,0,0,0,0
"Supercontig_1.5",87,860001,870000,10000,2548,2503,2503,2446,0,0,0,0
"Supercontig_1.5",88,870001,880000,10000,2511,2582,2461,2446,0,0,0,0
"Supercontig_1.5",89,880001,890000,10000,2498,2461,2539,2502,0,0,0,0
"Supercontig_1.5",90,890001,9e+05,10000,2486,2431,2557,2526,0,0,0,0
"Supercontig_1.5",91,900001,910000,10000,2494,2489,2509,2508,0,0,0,0
"Supercontig_1.5",92,910001,920000,10000,2496,2529,2457,2518,0,0,0,0
"Supercontig_1.5",93,920001,930000,10000,2563,2494,2467,2476,0,0,0,0
"Supercontig_1.5",94,930001,940000,10000,2551,2482,2485,2482,0,0,0,0
"Supercontig_1.5",95,940001,950000,10000,2609,2465,2495,2431,0,0,0,0
"Supercontig_1.5",96,950001,960000,10000,2528,2512,2444,2516,0,0,0,0
"Supercontig_1.5",97,960001,970000,10000,2555,2463,2479,2503,0,0,0,0
"Supercontig_1.5",98,970001,980000,10000,2507,2497,2454,2542,0,0,0,0
"Supercontig_1.5",99,980001,990000,10000,2469,2450,2500,2581,0,0,0,0
"Supercontig_1.5",100,990001,1e+06,10000,2546,2525,2516,2413,0,0,0,0
"Supercontig_1.5",101,1000001,1010000,10000,2494,2489,2525,2492,0,0,0,0
"Supercontig_1.5",102,1010001,1020000,10000,2486,2469,2539,2506,0,0,0,0
"Supercontig_1.5",103,1020001,1030000,10000,2543,2469,2448,2540,0,0,0,0
"Supercontig_1.5",104,1030001,1040000,10000,2517,2443,2451,2589,0,0,0,0
"Supercontig_1.5",105,1040001,1050000,10000,2527,2458,2495,2520,0,0,0,0
"Supercontig_1.5",106,1050001,1060000,10000,2473,2525,2483,2519,0,0,0,0
"Supercontig_1.5",107,1060001,1070000,10000,2467,2577,2506,2450,0,0,0,0
"Supercontig_1.5",108,1070001,1080000,10000,2513,2511,2561,2415,0,0,0,0
"Supercontig_1.5",109,1080001,1090000,10000,2514,2468,2530,2488,0,0,0,0
"Supercontig_1.5",110,1090001,1100000,10000,2434,2522,2544,2500,0,0,0,0
"Supercontig_1.5",111,1100001,1110000,10000,2452,2514,2565,2469,0,0,0,0
"Supercontig_1.5",112,1110001,1120000,10000,2486,2476,2490,2548,0,0,0,1
"Supercontig_1.5",113,1120001,1130000,10000,2542,2475,2524,2459,0,0,0,0
"Supercontig_1.5",114,1130001,1140000,10000,2436,2531,2520,2513,0,0,0,0
"Supercontig_1.5",115,1140001,1150000,10000,2535,2480,2525,2460,0,0,0,0
"Supercontig_1.5",116,1150001,1160000,10000,2494,2488,2541,2477,0,0,0,0
"Supercontig_1.5",117,1160001,1170000,10000,2447,2519,2516,2518,0,0,0,0
"Supercontig_1.5",118,1170001,1180000,10000,2512,2500,2502,2486,0,0,0,0
"Supercontig_1.5",119,1180001,1190000,10000,2454,2522,2572,2452,0,0,0,0
"Supercontig_1.5",120,1190001,1200000,10000,2489,2515,2456,2540,0,0,0,0
"Supercontig_1.5",121,1200001,1210000,10000,2490,2592,2446,2472,0,0,0,0
"Supercontig_1.5",122,1210001,1220000,10000,2511,2465,2515,2509,0,0,0,0
"Supercontig_1.5",123,1220001,1230000,10000,2451,2476,2544,2529,0,0,0,0
"Supercontig_1.5",124,1230001,1240000,10000,1146,1136,1130,1155,0,0,0,2
